(Product),(Product Line)
12 Colored Short Pencils,Pencils
12-1/2 Diameter Round Wall Clock,Clocks
1726 Digital Answering Machine,Telephone Accessories
210 Trimline Phone  White,Telephones
24-Hour Round Wall Clock,Clocks
36X48 HARDFLOOR CHAIRMAT,Mats
3M Hangers With Command Adhesive,Frames
3M Office Air Cleaner,Air Purifiers
3M Organizer Strips,Binder Accessories
4009 Highlighters,Highlighters
4009 Highlighters by Sanford,Highlighters
50 Colored Long Pencils,Pencils
6Inch Cubicle Wall Clock  Black,Clocks
9-3/4 Diameter Round Wall Clock,Clocks
ACCOHIDE 3-Ring Binder  Blue  1Inch,Poly Binders
ACCOHIDE Binder by Acco,Poly Binders
Acco 3-Hole Punch,Binder Accessories
Acco Banker_s Clasps  5 3/4Inch-Long,Paper Clips
Acco D-Ring Binder w/DublLock,Heavy Duty Binders
Acco Expandable Hanging Binders,Hanging Binders
Acco Glide Clips,Paper Clips
Acco Hanging Data Binders,Heavy Duty Binders
Acco Hot Clips(TM) Clips to Go,Binder Clips
Acco Keyboard-In-A-Box,Keyboards
Acco Pocket Keypad,Keyboards
Acme 8Inch Straight Scissors,Scissors
Acme Box Cutter Scissors,Scissors
Acme Kleen Earth Office Shears,Scissors
Acme Serrated Blade Letter Opener,Letter Openers
Acme Softgrip Scissors,Scissors
Acme Titanium Bonded Scissors,Scissors
Acme Value Line Scissors,Scissors
Adjustable Personal File Tote,Portable Storage
Advantus Plastic Paper Clips,Paper Clips
Advantus Push Pins,Pins And Tacks
Advantus Rolling Storage Box,Portable Storage
Advantus SlideClip(TM) Paper Clips,Binder Clips
Advantus T-Pin Paper Clips,Pins And Tacks
Airmail Envelopes,Specialty Envelopes
Akro Stacking Bins,Plastic Storage
Akro-Mils 12-Gallon Tote,Portable Storage
Alliance Rubber Bands,Rubber Bands
Aluminum Document Frame,Frames
Aluminum Screw Posts,Heavy Duty Binders
American Pencil,Pencils
Angle-D Ring Binders,Poly Binders
Array Memo Cubes,Writings Pads
Artistic Insta-Plaque,Frames
Assorted Color Push Pins,Pins And Tacks
Astroparche Fine Business Paper,Stationary
Avanti 1.7 Cu. Ft. Refrigerator,Refrigerators
Avanti 4.4 Cu. Ft. Refrigerator,Refrigerators
Avery 473,File Labels
Avery 474,File Labels
Avery 475,File Labels
Avery 476,File Labels
Avery 477,File Labels
Avery 478,File Labels
Avery 479,File Labels
Avery 48,File Labels
Avery 480,File Labels
Avery 481,File Labels
Avery 482,Standard Labels
Avery 483,Standard Labels
Avery 484,Standard Labels
Avery 485,Standard Labels
Avery 486,Standard Labels
Avery 487,Standard Labels
Avery 488,Standard Labels
Avery 489,File Labels
Avery 49,File Labels
Avery 490,File Labels
Avery 491,File Labels
Avery 492,File Labels
Avery 493,File Labels
Avery 494,File Labels
Avery 495,File Labels
Avery 496,File Labels
Avery 497,File Labels
Avery 498,Standard Labels
Avery 499,Standard Labels
Avery 5,Standard Labels
Avery 50,Standard Labels
Avery 500,Standard Labels
Avery 501,Standard Labels
Avery 502,Standard Labels
Avery 503,File Labels
Avery 504,File Labels
Avery 505,File Labels
Avery 506,File Labels
Avery 507,File Labels
Avery 508,File Labels
Avery 509,File Labels
Avery 51,File Labels
Avery 510,File Labels
Avery 511,File Labels
Avery 512,Standard Labels
Avery 513,Standard Labels
Avery 514,Standard Labels
Avery 515,Standard Labels
Avery 516,Standard Labels
Avery 517,Standard Labels
Avery 518,Standard Labels
Avery 519,Standard Labels
Avery 52,Standard Labels
Avery 520,Standard Labels
Avery Arch Ring Binders,Round Ring Binders
Avery Binder Labels,Binder Accessories
Avery Durable Binders,Round Ring Binders
Avery Durable Plastic 1Inch Binders,Poly Binders
Avery Durable Poly Binders,Poly Binders
Avery Durable Slant Ring Binders,Heavy Duty Binders
Avery File Folder Labels,File Labels
Avery Hanging File Binders,Round Ring Binders
Avery Hole Reinforcements,Binder Accessories
Avery Legal 4-Ring Binder,Round Ring Binders
Avery Metallic Poly Binders,Poly Binders
Avery Non-Stick Binders,Poly Binders
Avery Poly Binder Pockets,Binder Accessories
Avery Round Ring Poly Binders,Poly Binders
Avery White Multi-Purpose Labels,Standard Labels
BASF Silver 74 Minute CD-R,Media
Bagged Rubber Bands,Rubber Bands
Balt Solid Wood Rectangular Table,Meeting Room Tables
Balt Solid Wood Round Tables,Meeting Room Tables
Barrel Sharpener,Pencil Sharpeners
Belkin 105-Key Black Keyboard,Keyboards
Belkin 7 Outlet SurgeMaster II,Surge Protectors
Belkin 8 Outlet Surge Protector,Surge Protectors
Belkin ErgoBoard(TM) Keyboard,Keyboards
Belkin F5C206VTEL 6 Outlet Surge,Surge Protectors
Belkin F9M820V08 8 Outlet Surge,Surge Protectors
Belkin F9S820V06 8 Outlet Surge,Surge Protectors
Belkin MediaBoard 104- Keyboard,Keyboards
Bell Sonecor JB700 Caller ID,Telephone Accessories
Berol Giant Pencil Sharpener,Pencil Sharpeners
Bestar Classic Bookcase,Wooden Bookcases
Bevis 36 x 72 Conference Tables,Meeting Room Tables
Bevis 44 x 96 Conference Tables,Meeting Room Tables
Bevis Steel Folding Chairs,Office Chairs
BIC Brite Liner Highlighters,Highlighters
BIC Liqua Brite Liner,Highlighters
Binder Clips by OIC,Paper Clips
Binder Posts,Hanging Binders
Binding Machine Supplies,Binding Supplies
Bionaire 99.97% HEPA Air Cleaner,Air Purifiers
Blackstonian Pencils,Pencils
BPI Conference Tables,Meeting Room Tables
Brown Kraft Recycled Envelopes,Recycled Envelopes
Bush Mission Pointe Library,Wooden Bookcases
Bush Somerset Collection Bookcase,Wooden Bookcases
Cameo Buff Policy Envelopes,Business Envelopes
Canon F603 Scientific Calculator,Calculators
Canon Image Class D660 Copier,Copiers
Canon MP41DH Printing Calculator,Calculators
Canon PC-428 Personal Copier,Copiers
Canon PC1080F Personal Copier,Copiers
Canon PC940 Copier,Copiers
Canon S750 Color Inkjet Printer,Printers
Canvas Sectional Post Binders,Heavy Duty Binders
Cardinal Hold-It CD Pocket,Binder Accessories
CF 688,Wireless And Cellular
CF 768,Wireless And Cellular
CF 788,Wireless And Cellular
CF 888,Wireless And Cellular
CH 688,Wireless And Cellular
CH 768,Wireless And Cellular
Clear Mylar(TM) Reinforcing Strips,Binder Accessories
Col-Erase Pencils with Erasers,Pencils
Color-Coded Legal Exhibit Labels,File Labels
Colored Envelopes,Colored Envelopes
Colored Push Pins,Pins And Tacks
Coloredge Poster Frame,Frames
Colorific Watercolor Pencils,Pencils
Computer Printout Index Tabs,Heavy Duty Binders
Computer Room Manger  14Inch,Clocks
Contemporary Borderless Frame,Frames
Contemporary Wood/Metal Frame,Frames
Contract Clock  14Inch  Brown,Clocks
Crate-A-Files(TM),Portable Storage
Crayola Anti Dust Chalk  12/Pack,Art Supplies
Crayola Colored Pencils,Art Supplies
DAX Clear Channel Poster Frame,Frames
DAX Cubicle Frames  8-1/2 x 11,Frames
DAX Cubicle Frames - 8x10,Frames
DAX Solid Wood Frames,Frames
DAX Wood Document Frame,Frames
DAX Wood Document Frame.,Frames
Dana Swing-Arm Lamps,Desk Lamps
Dax Clear Box Frame,Frames
Deluxe Chalkboard Eraser Cleaner,Art Supplies
Design Ebony Sketching Pencil,Pencils
Desktop 3-Pocket Hot File,Portable Storage
DIXON Oriole Pencils,Pencils
Dixon Ticonderoga Pencils,Pencils
Document Clip Frames,Frames
DPC 650 Piper,Wireless And Cellular
Durable Pressboard Binders,Round Ring Binders
Economy #2 Pencils,Pencils
Economy Binders,Round Ring Binders
Economy Rollaway Files,Portable Storage
EcoTones Memo Sheets,Writings Pads
ELITE Series,Wireless And Cellular
Eldon File Chest(TM) Portable File,Portable Storage
Eldon Fold _N Roll Cart System,Portable Storage
Eldon Gobal File Keepers,Plastic Storage
Eldon Pizzaz(TM) Desk Accessories,Plastic Desk Sets
Eldon Portable Mobile Manager,Portable Storage
Eldon Simplefile Box Office,Portable Storage
Eldon Wave Desk Accessories,Plastic Desk Sets
Electrix Halogen Magnifier Lamp,Desk Lamps
Elite 5Inch Scissors,Scissors
Embossed Ink Jet Note Cards,Stationary
Epson C62 Color Inkjet Printer,Printers
Epson C82 Color Inkjet Printer,Printers
Epson DFX5000+ Dot Matrix Printer,Printers
Epson FX-1180+ Dot Matrix Printer,Printers
Epson FX-880+ Dot Matrix Printer,Printers
Epson FX-980 Dot Matrix Printer,Printers
Epson LQ-2080 Dot Matrix Printer,Printers
Epson LQ-570e Dot Matrix Printer,Printers
Epson LX-300+ Dot Matrix Printer,Printers
Ericsson 2120,Wireless And Cellular
Ericsson 2160,Wireless And Cellular
Ericsson 2170,Wireless And Cellular
Ericsson 2180,Wireless And Cellular
Ericsson 2190,Wireless And Cellular
Ericsson 3285,Wireless And Cellular
Ericsson 3360,Wireless And Cellular
Ericsson 3390,Wireless And Cellular
Ericsson 3395,Wireless And Cellular
Ericsson 5120,Wireless And Cellular
Ericsson 5125,Wireless And Cellular
Ericsson 5160,Wireless And Cellular
Ericsson 5165,Wireless And Cellular
Ericsson 5170,Wireless And Cellular
Ericsson 5180,Wireless And Cellular
Ericsson 5185,Wireless And Cellular
Ericsson 5190,Wireless And Cellular
Ericsson 6000,Wireless And Cellular
Ericsson 6120,Wireless And Cellular
Ericsson 6160,Wireless And Cellular
Ericsson 6161,Wireless And Cellular
Ericsson 6162,Wireless And Cellular
Ericsson 6185,Wireless And Cellular
Ericsson 6190,Wireless And Cellular
Ericsson 6340,Wireless And Cellular
Ericsson 6360,Wireless And Cellular
Ericsson 7160,Wireless And Cellular
Ericsson 7190,Wireless And Cellular
Ericsson 8260,Wireless And Cellular
Ericsson 8290,Wireless And Cellular
Ericsson 8860,Wireless And Cellular
Ericsson 8890,Wireless And Cellular
Eureka Hand Vacuum  Bagless,Vacuum Cleaners
Euro Pro Shark Stick Mini Vacuum,Vacuum Cleaners
Euro-Pro Shark Turbo Vacuum,Vacuum Cleaners
Executive Impressions 14Inch,Clocks
Faber Castell Col-Erase Pencils,Art Supplies
Fashion Color Clasp Envelopes,Colored Envelopes
Fellowes Binding Cases,Heavy Duty Binders
Fellowes Econo/Stor Drawers,Cardboard Storage
Fellowes EZ Multi-Media Keyboard,Keyboards
Fellowes High-Stak Drawer Files,Cardboard Storage
Fellowes Recycled Storage Drawers,Cardboard Storage
Fellowes Super Stor/Drawer,Cardboard Storage
Fellowes Super Stor/Drawer Files,Cardboard Storage
File Shuttle I and Handi-File,Portable Storage
Fiskars 8Inch Scissors  2/Pack,Scissors
Fiskars Softgrip Scissors,Scissors
Fiskars Spring-Action Scissors,Scissors
Flat Face Poster Frame,Frames
Fuji 5.2GB DVD-RAM,Media
Fuji Slim Jewel Case CD-R,Media
G.E. Halogen Desk Lamp Bulbs,Lighting
GBC Binding covers,Binding Supplies
GBC Durable Plastic Covers,Binding Supplies
GBC Imprintable Covers,Binding Supplies
GBC Instant Report Kit,Binding Supplies
GBC Linen Binding Covers,Binding Supplies
GBC Personal VeloBind Strips,Binding Supplies
GBC Plastic Binding Combs,Binding Supplies
GBC Plasticlear Binding Covers,Binding Supplies
GBC Poly Designer Binding Covers,Binding Supplies
GBC Prestige Therm-A-Bind Covers,Binding Supplies
GBC ProClick Punch Binding System,Binding Machines
GBC Recycled VeloBinder Covers,Binding Supplies
GBC VeloBind Cover Sets,Binding Supplies
GBC VeloBinder Strips,Binding Supplies
GBC Wire Binding Combs,Binding Supplies
GBC Wire Binding Strips,Binding Supplies
Global Chrome Stack Chair,Office Chairs
Global Comet(TM) Stacking Arm Chair,Office Chairs
Global Deluxe Steno Chair,Office Chairs
Global Ergonomic Managers Chair,Office Chairs
Global Leather Executive Chair,Office Chairs
Global Leather Task Chair  Black,Office Chairs
Global Low Back Tilter Chair,Office Chairs
Global Super Steno Chair,Office Chairs
Global Task Chair  Black,Office Chairs
Global Value Steno Chair  Gray,Office Chairs
Green Bar Computer Printout Paper,Computer Paper
Grip Seal Envelopes,Peel And Seal
Gyration RF Keyboard,Keyboards
g520,Wireless And Cellular
Hanging Personal Folder File,Portable Storage
Harmony Air Purifier,Air Purifiers
Harmony HEPA Quiet Air Purifiers,Air Purifiers
Heavy-Duty E-Z-D Binders,Heavy Duty Binders
Hewlett-Packard 4.7GB DVD+R Discs,Media
High-Back Leather Manager_s Chair,Office Chairs
Holmes 99% HEPA Air Purifier,Air Purifiers
Holmes HEPA Air Purifier,Air Purifiers
Holmes Odor Grabber,Air Purifiers
Home/Office Personal File Carts,Portable Storage
Hon 4-Shelf Metal Bookcases,Metal Bookcases
Hon 4060 Series Tables,End Tables
Hon 5100 Series Wood Tables,End Tables
Hon 94000 Series Round Tables,Meeting Room Tables
Hon GuestStacker Chair,Office Chairs
Hon Metal Bookcases  Black,Metal Bookcases
Hon Metal Bookcases  Gray,Metal Bookcases
Hon Metal Bookcases  Putty,Metal Bookcases
Hon Mobius(TM) Operator_s Chair,Office Chairs
Hon Non-Folding Utility Tables,Shop Tables
Hon Olson Stacker Chairs,Office Chairs
Hon Olson Stacker Stools,Office Chairs
Hon Pagoda(TM) Stacking Chairs,Office Chairs
Hon Racetrack Conference Tables,Meeting Room Tables
Hon Rectangular Conference Tables,Meeting Room Tables
Hon Valutask(TM) Swivel Chairs,Office Chairs
Hoover Commercial SteamVac,Vacuum Cleaners
Hot File 7-Pocket  Floor Stand,Portable Storage
HP 30S Scientific Calculator,Calculators
I888,Wireless And Cellular
I888 World Phone,Wireless And Cellular
Ibico 099 Scientific Calculator,Calculators
Ibico Recycled Linen-Style Covers,Binding Supplies
Ideal Clamps,Paper Clips
Imation 3.5 IBM Diskettes  10/Box,Media
Imation 5.2GB DVD-RAM,Media
Imation CD-R,Media
Imation DVD-RAM discs,Media
Iris Project Case,Portable Storage
i1000,Wireless And Cellular
i1000plus,Wireless And Cellular
i2000,Wireless And Cellular
i270,Wireless And Cellular
i390,Wireless And Cellular
i470,Wireless And Cellular
i500plus,Wireless And Cellular
i50sx,Wireless And Cellular
i600,Wireless And Cellular
i700plus,Wireless And Cellular
i85s,Wireless And Cellular
i90,Wireless And Cellular
iDEN i30sx,Wireless And Cellular
iDEN i550,Wireless And Cellular
iDEN i95,Wireless And Cellular
iDENi80s,Wireless And Cellular
JM Magazine Binder,Heavy Duty Binders
Keytronic French Keyboard,Keyboards
KF 688,Wireless And Cellular
KF 788,Wireless And Cellular
KH 688,Wireless And Cellular
KI Adjustable-Height Table,Meeting Room Tables
KI Conference Tables,Meeting Room Tables
Laminate Occasional Tables,End Tables
Leather Task Chair  Black,Office Chairs
Letter Size Cart,Portable Storage
Letter Size File,Portable Storage
Letter Slitter,Letter Openers
Lexmark Z25 Color Inkjet Printer,Printers
Lexmark Z65 Color Inkjet Printer,Printers
Lock-Up Easel _Spel-Binder_,Round Ring Binders
Logitech Access Keyboard,Keyboards
Logitech Cordless Access Duo,Keyboards
Logitech Cordless Elite Duo,Keyboards
Logitech Cordless Keyboard,Keyboards
Logitech Cordless Navigator Duo,Keyboards
Logitech Elite Keyboard,Keyboards
Longer-Life Soft White Bulbs,Lighting
Loose Memo Sheets,Writings Pads
Lumber Crayons,Art Supplies
Luxo Adjustable Task Clamp Lamp,Desk Lamps
Luxo Economy Swing Arm Lamp,Desk Lamps
LX 677,Wireless And Cellular
LX 788,Wireless And Cellular
LX-588,Wireless And Cellular
M3097,Wireless And Cellular
M3682,Wireless And Cellular
M70,Wireless And Cellular
Magnifier Swing Arm Lamp,Desk Lamps
Master Big Foot Doorstop  Beige,Door Accessories
Master Caster Door Stop  Brown,Door Accessories
Master Caster Door Stop  Gray,Door Accessories
Maxell 4.7GB DVD+R 5/Pack,Media
Maxell 4.7GB DVD+RW 3/Pack,Media
Maxell 4.7GB DVD-R,Media
Maxell 4.7GB DVD-R 5/Pack,Media
Maxell 4.7GB DVD-RW 3/Pack,Media
Maxell 74 Minute CDR  10/Pack,Media
Maxell CD-R Discs,Media
Maxell DVD-RAM Discs,Media
Memorex 4.7GB DVD+R  3/Pack,Media
Memorex 4.7GB DVD+RW  3/Pack,Media
Memorex 4.7GB DVD-R  3/Pack,Media
Memorex 4.7GB DVD-RAM  3/Pack,Media
Memorex 80 Minute CD-R  30/Pack,Media
Micro Innovations 104 Keyboard,Keyboards
Micropad Numeric Keypads,Keyboards
Microsoft Internet Keyboard,Keyboards
Microsoft Multimedia Keyboard,Keyboards
Microsoft Natural Keyboard Elite,Keyboards
Microsoft Office Keyboard,Keyboards
MicroTAC 650,Wireless And Cellular
Microtac Analog,Wireless And Cellular
Mobile Personal File Cube,Portable Storage
Motorola SB4200 Cable Modem,Modems
Multimedia Mailers,Specialty Envelopes
Newell 307,Art Supplies
Newell 308,Art Supplies
Newell 309,Art Supplies
Newell 31,Art Supplies
Newell 310,Art Supplies
Newell 311,Art Supplies
Newell 312,Art Supplies
Newell 313,Art Supplies
Newell 314,Art Supplies
Newell 315,Art Supplies
Newell 316,Art Supplies
Newell 317,Art Supplies
Newell 318,Art Supplies
Newell 319,Art Supplies
Newell 32,Art Supplies
Newell 320,Art Supplies
Newell 321,Art Supplies
Newell 322,Art Supplies
Newell 323,Art Supplies
Newell 324,Art Supplies
Newell 325,Art Supplies
Newell 326,Art Supplies
Newell 327,Art Supplies
Newell 328,Art Supplies
Newell 329,Art Supplies
Newell 33,Art Supplies
Newell 330,Art Supplies
Newell 331,Art Supplies
Newell 332,Art Supplies
Newell 333,Art Supplies
Newell 334,Art Supplies
Newell 335,Art Supplies
Newell 336,Art Supplies
Newell 337,Art Supplies
Newell 338,Art Supplies
Newell 339,Art Supplies
Newell 34,Art Supplies
Newell 340,Art Supplies
Newell 341,Art Supplies
Newell 342,Art Supplies
Newell 343,Art Supplies
Newell 344,Art Supplies
Newell 345,Art Supplies
Newell 346,Art Supplies
Newell 347,Art Supplies
Newell 348,Art Supplies
Newell 349,Art Supplies
Newell 35,Art Supplies
Newell 350,Art Supplies
Newell 351,Art Supplies
Newell Chalk Holder,Art Supplies
Nokia 2120,Wireless And Cellular
Nokia 2160,Wireless And Cellular
Nokia 2160i,Wireless And Cellular
Nokia 2170,Wireless And Cellular
Nokia 2180,Wireless And Cellular
Nokia 2190,Wireless And Cellular
Nokia 232,Wireless And Cellular
Nokia 252,Wireless And Cellular
Nokia 270c,Wireless And Cellular
Nokia 282,Wireless And Cellular
Nokia 3285,Wireless And Cellular
Nokia 3360,Wireless And Cellular
Nokia 3390,Wireless And Cellular
Nokia 3395,Wireless And Cellular
Nokia 5120,Wireless And Cellular
Nokia 5125,Wireless And Cellular
Nokia 5160,Wireless And Cellular
Nokia 5165,Wireless And Cellular
Nokia 5170,Wireless And Cellular
Nokia 5170i,Wireless And Cellular
Nokia 5180,Wireless And Cellular
Nokia 5185,Wireless And Cellular
Nokia 5185i,Wireless And Cellular
Nokia 5190,Wireless And Cellular
Nokia 6000,Wireless And Cellular
Nokia 6120,Wireless And Cellular
Nokia 6120i,Wireless And Cellular
Nokia 6160,Wireless And Cellular
Nokia 6160i,Wireless And Cellular
Nokia 6160m,Wireless And Cellular
Nokia 6161,Wireless And Cellular
Nokia 6161i,Wireless And Cellular
Nokia 6162,Wireless And Cellular
Nokia 6162i,Wireless And Cellular
Nokia 6162m,Wireless And Cellular
Nokia 6185,Wireless And Cellular
Nokia 6185i,Wireless And Cellular
Nokia 6190,Wireless And Cellular
Nokia 6340,Wireless And Cellular
Nokia 636,Wireless And Cellular
Nokia 6360,Wireless And Cellular
Nokia 688,Wireless And Cellular
Nokia 7160,Wireless And Cellular
Nokia 7190,Wireless And Cellular
Nokia 768,Wireless And Cellular
Nokia 788,Wireless And Cellular
Nokia 8260,Wireless And Cellular
Nokia 8290,Wireless And Cellular
Nokia 8860,Wireless And Cellular
Nokia CF 688,Wireless And Cellular
Nokia CF 768,Wireless And Cellular
Nokia CF 788,Wireless And Cellular
Nokia CF 888,Wireless And Cellular
Nokia CH 768,Wireless And Cellular
Nokia g520,Wireless And Cellular
Nokia I888,Wireless And Cellular
Nokia I888 World Phone,Wireless And Cellular
Nokia i1000,Wireless And Cellular
Nokia i1000plus,Wireless And Cellular
Nokia i2000,Wireless And Cellular
Nokia i270,Wireless And Cellular
Nokia i390,Wireless And Cellular
Nokia i470,Wireless And Cellular
Nokia i500plus,Wireless And Cellular
Nokia i50sx,Wireless And Cellular
Nokia i600,Wireless And Cellular
Nokia i700plus,Wireless And Cellular
Nokia i85s,Wireless And Cellular
Nokia iDEN i30sx,Wireless And Cellular
Nokia iDEN i95,Wireless And Cellular
Nokia iDENi80s,Wireless And Cellular
Nokia KF 688,Wireless And Cellular
Nokia KF 788,Wireless And Cellular
Nokia KH 688,Wireless And Cellular
Nokia LX 677,Wireless And Cellular
Nokia LX 788,Wireless And Cellular
Nokia LX-588,Wireless And Cellular
Nokia M3097,Wireless And Cellular
Nokia M3682,Wireless And Cellular
Nokia P280,Wireless And Cellular
Nokia R280,Wireless And Cellular
Nokia R289LX,Wireless And Cellular
Nokia R300LX,Wireless And Cellular
Nokia R380,Wireless And Cellular
Nokia SC-3160,Wireless And Cellular
Nokia SC7868i,Wireless And Cellular
Nokia T18,Wireless And Cellular
Nokia T20e,Wireless And Cellular
Nokia T2297,Wireless And Cellular
Nokia T60,Wireless And Cellular
Nokia T61,Wireless And Cellular
Nokia T65,Wireless And Cellular
Nokia T68,Wireless And Cellular
Nokia V2260,Wireless And Cellular
Nokia V2397,Wireless And Cellular
Nokia V3682,Wireless And Cellular
Nokia V60,Wireless And Cellular
Nokia V70,Wireless And Cellular
Nokia V8162,Wireless And Cellular
Nontoxic Chalk,Art Supplies
Novimex Fabric Task Chair,Office Chairs
Novimex Swivel Fabric Task Chair,Office Chairs
Novimex Turbo Task Chair,Office Chairs
Nu-Dell Executive Frame,Frames
Nu-Dell Float Frame 11 x 14 1/2,Frames
Nu-Dell Leatherette Frames,Frames
Nu-Dell Oak Frame,Frames
OIC #2 Pencils  Medium Soft,Pencils
OIC Binder Clips,Binder Clips
OIC Bulk Pack Metal Binder Clips,Binder Clips
OIC Stacking Trays,Plastic Desk Sets
OIC Thumb-Tacks,Pins And Tacks
P280,Wireless And Cellular
Pastel Pink Envelopes,Colored Envelopes
Peel & Seel Envelopes,Peel And Seal
Peel-Off China Markers,Art Supplies
Pencil and Crayon Sharpener,Pencil Sharpeners
Personal Folder Holder  Ebony,Portable Storage
Petty Cash Envelope,Writings Pads
Phone 918,Wireless And Cellular
Pizazz Global Quick File(TM),Portable Storage
Plastic Binding Combs,Binding Supplies
Poly Designer Cover & Back,Binding Supplies
Poly String Tie Envelopes,Specialty Envelopes
Polycom SoundPoint Pro SE-225,Telephones
Polycom VoiceStation 100,Telephones
Portable Personal File Box,Portable Storage
Portfile Personal File Boxes,Portable Storage
Prang Colored Pencils,Art Supplies
Prang Drawing Pencil Set,Pencils
Prang Dustless Chalk Sticks,Art Supplies
Premier Automatic Letter Opener,Letter Openers
Premier Electric Letter Opener,Letter Openers
Presstex Flexible Ring Binders,Round Ring Binders
Prestige Round Ring Binders,Round Ring Binders
Prism CD-Recordable Discs,Media
Prismacolor Color Pencil Set,Art Supplies
Profile 300,Wireless And Cellular
Project Tote Personal File,Portable Storage
R280,Wireless And Cellular
R289LX,Wireless And Cellular
R300LX,Wireless And Cellular
R380,Wireless And Cellular
Recycled Easel Ring Binders,Round Ring Binders
Rediform Voice Mail Log Books,Writings Pads
Regeneration Desk Collection,Plastic Desk Sets
Rogers Deluxe File Chest,Plastic Storage
Rogers Jumbo File  Granite,Plastic Storage
Round Ring Binders,Round Ring Binders
Rubber Band Ball,Rubber Bands
SAFCO Arco Folding Chair,Office Chairs
SAFCO Boltless Steel Shelving,Shelving
SAFCO Folding Chair Trolley,Office Chairs
Safco Commercial Shelving,Shelving
Safco Contoured Stacking Chairs,Office Chairs
Safco Drafting Table,Shop Tables
Safco Industrial Shelving,Shelving
Safco Industrial Wire Shelving,Shelving
Satellite Sectional Post Binders,Heavy Duty Binders
Sauder Barrister Bookcases,Wooden Bookcases
SC-3160,Wireless And Cellular
SC7868i,Wireless And Cellular
Security-Tint Envelopes,Business Envelopes
Self-Adhesive Removable Labels,Standard Labels
Seth Thomas 13 1/2Inch Wall Clock,Clocks
Seth Thomas 16Inch Steel Case Clock,Clocks
Seth Thomas 8 1/2Inch Cubicle Clock,Clocks
Sharp 1540cs Digital Laser Copier,Copiers
Sharp EL500L Fraction Calculator,Calculators
Siemens 2160I,Wireless And Cellular
Siemens 270C,Wireless And Cellular
Siemens 300 Series Flip,Wireless And Cellular
Siemens 300 Series Non-Flip,Wireless And Cellular
Siemens 5170I,Wireless And Cellular
Siemens 5185I,Wireless And Cellular
Siemens 600 Series Flip,Wireless And Cellular
Siemens Accessory1,Wireless And Cellular
Siemens Accessory12,Wireless And Cellular
Siemens Accessory13,Wireless And Cellular
Siemens Accessory14,Wireless And Cellular
Siemens Accessory16,Wireless And Cellular
Siemens Accessory17,Wireless And Cellular
Siemens Accessory18,Wireless And Cellular
Siemens Accessory19,Wireless And Cellular
Siemens Accessory2,Wireless And Cellular
Siemens Accessory21,Wireless And Cellular
Siemens Accessory22,Wireless And Cellular
Siemens Accessory23,Wireless And Cellular
Siemens Accessory24,Wireless And Cellular
Siemens Accessory25,Wireless And Cellular
Siemens Accessory26,Wireless And Cellular
Siemens Accessory27,Wireless And Cellular
Siemens Accessory28,Wireless And Cellular
Siemens Accessory29,Wireless And Cellular
Siemens Accessory30,Wireless And Cellular
Siemens Accessory31,Wireless And Cellular
Siemens Accessory32,Wireless And Cellular
Siemens Accessory33,Wireless And Cellular
Siemens Accessory34,Wireless And Cellular
Siemens Accessory35,Wireless And Cellular
Siemens Accessory36,Wireless And Cellular
Siemens Accessory37,Wireless And Cellular
Siemens Accessory38,Wireless And Cellular
Siemens Accessory39,Wireless And Cellular
Siemens Accessory4,Wireless And Cellular
Siemens Accessory40,Wireless And Cellular
Siemens Accessory41,Wireless And Cellular
Siemens Accessory5,Wireless And Cellular
Siemens Accessory6,Wireless And Cellular
Siemens Accessory7,Wireless And Cellular
Siemens Accessory8,Wireless And Cellular
Siemens Accessory9,Wireless And Cellular
SlimView Poly Binder  3/8Inch,Poly Binders
Sony 600 Series Flip,Wireless And Cellular
Sony 600 Series Non-Flip,Wireless And Cellular
Sony 6120I,Wireless And Cellular
Sony 6160I,Wireless And Cellular
Sony 6160M,Wireless And Cellular
Sony 6161I,Wireless And Cellular
Sony 6162I,Wireless And Cellular
Sony 6162M,Wireless And Cellular
Sony 6185I,Wireless And Cellular
Sony A1228,Wireless And Cellular
Sony Accessory1,Wireless And Cellular
Sony Accessory10,Wireless And Cellular
Sony Accessory11,Wireless And Cellular
Sony Accessory12,Wireless And Cellular
Sony Accessory13,Wireless And Cellular
Sony Accessory14,Wireless And Cellular
Sony Accessory15,Wireless And Cellular
Sony Accessory16,Wireless And Cellular
Sony Accessory17,Wireless And Cellular
Sony Accessory18,Wireless And Cellular
Sony Accessory19,Wireless And Cellular
Sony Accessory2,Wireless And Cellular
Sony Accessory21,Wireless And Cellular
Sony Accessory22,Wireless And Cellular
Sony Accessory23,Wireless And Cellular
Sony Accessory24,Wireless And Cellular
Sony Accessory25,Wireless And Cellular
Sony Accessory26,Wireless And Cellular
Sony Accessory27,Wireless And Cellular
Sony Accessory28,Wireless And Cellular
Sony Accessory29,Wireless And Cellular
Sony Accessory3,Wireless And Cellular
Sony Accessory30,Wireless And Cellular
Sony Accessory31,Wireless And Cellular
Sony Accessory32,Wireless And Cellular
Sony Accessory33,Wireless And Cellular
Sony Accessory34,Wireless And Cellular
Sony Accessory35,Wireless And Cellular
Sony Accessory36,Wireless And Cellular
Sony Accessory37,Wireless And Cellular
Sony Accessory38,Wireless And Cellular
Sony Accessory39,Wireless And Cellular
Sony Accessory4,Wireless And Cellular
Sony Accessory40,Wireless And Cellular
Sony Accessory41,Wireless And Cellular
Sony Accessory42,Wireless And Cellular
Sony Accessory5,Wireless And Cellular
Sony Accessory6,Wireless And Cellular
Sony Accessory7,Wireless And Cellular
Sony Accessory8,Wireless And Cellular
Sony Accessory9,Wireless And Cellular
Sony IBM Color Diskettes  25/Pack,Media
Sony Silver 80 Minute CD-R,Media
Stackable Trays,Plastic Desk Sets
Stacking Trays by OIC,Plastic Desk Sets
Standard Rollaway File with Lock,Portable Storage
Staples #10 Colored Envelopes,Colored Envelopes
Staples #2 Yellow Pencils,Pencils
Staples 10Inch Round Wall Clock,Clocks
Staples 4 Outlet Surge Protector,Surge Protectors
Staples 6 Outlet Surge,Surge Protectors
Staples Bulldog Clip,Binder Clips
Staples File Caddy,Portable Storage
Staples Gold Paper Clips,Paper Clips
Staples Highlighting Markers,Highlighters
Staples Metal Binder Clips,Binder Clips
Staples Packaging Labels,Standard Labels
Staples Paper Clips,Paper Clips
Staples Pen-Style Highlighters,Highlighters
Staples Plastic Wall Frames,Frames
Staples Pushpins,Pins And Tacks
Staples SlimLine Pencil Sharpener,Pencil Sharpeners
Staples Standard Envelopes,Business Envelopes
Staples Vinyl Coated Paper Clips,Paper Clips
Staples Vinyl Paper Clips,Paper Clips
Staples* Letter Opener,Letter Openers
Staples* vLetter Openers  2/Pack,Letter Openers
StarTAC 3000,Wireless And Cellular
StarTAC 6500,Wireless And Cellular
StarTAC 7760,Wireless And Cellular
StarTAC 7797,Wireless And Cellular
StarTAC 8000,Wireless And Cellular
StarTAC Analog,Wireless And Cellular
StarTAC Series,Wireless And Cellular
StarTAC ST7762,Wireless And Cellular
StarTAC ST7867,Wireless And Cellular
StarTAC ST7868,Wireless And Cellular
Sterling Rubber Bands by Alliance,Rubber Bands
Sterling V.92 PCI Softmodem,Modems
Stiletto Hand Letter Openers,Letter Openers
Stockwell Gold Paper Clips,Paper Clips
Stockwell Push Pins,Pins And Tacks
Storex Dura Pro(TM) Binders,Round Ring Binders
Strathmore Photo Frame Cards,Stationary
Strathmore Photo Mount Cards,Stationary
Super Bands  12/Pack,Rubber Bands
Surelock(TM) Post Binders,Heavy Duty Binders
T18,Wireless And Cellular
T193,Wireless And Cellular
T20e,Wireless And Cellular
T2297,Wireless And Cellular
T28 WORLD,Wireless And Cellular
T39m,Wireless And Cellular
T60,Wireless And Cellular
T61,Wireless And Cellular
T65,Wireless And Cellular
T68,Wireless And Cellular
Talkabout T8097,Wireless And Cellular
Talkabout T8367,Wireless And Cellular
Targus USB Numeric Keypad,Keyboards
TDK 4.7GB DVD+R,Media
TDK 4.7GB DVD+RW,Media
TDK 4.7GB DVD-R,Media
TDK 4.7GB DVD-R Spindle  15/Pack,Media
Telescoping Adjustable Floor Lamp,Floor Lamps
TeleTAC Series,Wireless And Cellular
Tennsco Commercial Shelving,Shelving
Tennsco Double-Tier Lockers,Storage Cabinets
Tennsco Industrial Shelving,Shelving
Tennsco Lockers  Gray,Storage Cabinets
Tennsco Lockers  Sand,Storage Cabinets
Tennsco Regal Shelving Units,Shelving
Tennsco Single-Tier Lockers,Storage Cabinets
Tensor Computer Mounted Lamp,Desk Lamps
Tensor Track Tree Floor Lamp,Floor Lamps
Things To Do Today Pad,Writings Pads
Things To Do Today Spiral Book,Writings Pads
TI 30X Scientific Calculator,Calculators
TIMEPORT P8767,Wireless And Cellular
Timeport L7082,Wireless And Cellular
Timeport L7089,Wireless And Cellular
Timeport P8167,Wireless And Cellular
TimeportL7089,Wireless And Cellular
TimeportP7382,Wireless And Cellular
Tops Wirebound Message Log Books,Writings Pads
Translucent Push Pins by OIC,Pins And Tacks
Tuf-Vin(TM) Binders,Heavy Duty Binders
U.S. Robotics 56K PCI Faxmodem,Modems
Ultra Door Kickplate  8InchH x 34InchW,Door Accessories
Ultra Door Pull Handle,Door Accessories
Ultra Door Push Plate,Door Accessories
UniKeep(TM) View Case Binders,Poly Binders
Unpadded Memo Slips,Writings Pads
V 3600 Series,Wireless And Cellular
V2260,Wireless And Cellular
V2282,Wireless And Cellular
V2397,Wireless And Cellular
V3682,Wireless And Cellular
V60,Wireless And Cellular
V66,Wireless And Cellular
V70,Wireless And Cellular
V8160,Wireless And Cellular
V8162,Wireless And Cellular
VariCap6(TM) Expandable Binder,Heavy Duty Binders
Verbatim 4.7GB DVD-R,Media
Verbatim DVD Rewritable Disc,Media
Vinyl Sectional Post Binders,Heavy Duty Binders
White GlueTop Scratch Pads,Writings Pads
Wilson Jones Active Use Binders,Poly Binders
Wilson Jones Impact Binders,Poly Binders
Wirebound Voice Message Log Book,Writings Pads
Woodgrain Magazine Files by Perma,Cardboard Storage
X-Rack(TM) File for Hanging Folders,Portable Storage
Xerox 188,Computer Paper
Xerox 1880,Computer Paper
Xerox 1881,Computer Paper
Xerox 1882,Computer Paper
Xerox 1883,Computer Paper
Xerox 1884,Computer Paper
Xerox 1885,Computer Paper
Xerox 1886,Computer Paper
Xerox 1887,Computer Paper
Xerox 1888,Computer Paper
Xerox 1889,Computer Paper
Xerox 189,Computer Paper
Xerox 1890,Computer Paper
Xerox 1891,Computer Paper
Xerox 1892,Computer Paper
Xerox 1893,Computer Paper
Xerox 1894,Copy Paper
Xerox 1895,Copy Paper
Xerox 1896,Copy Paper
Xerox 1897,Copy Paper
Xerox 1898,Copy Paper
Xerox 1899,Copy Paper
Xerox 19,Copy Paper
Xerox 190,Copy Paper
Xerox 1900,Copy Paper
Xerox 1901,Copy Paper
Xerox 1902,Copy Paper
Xerox 1903,Copy Paper
Xerox 1904,Copy Paper
Xerox 1905,Copy Paper
Xerox 1906,Computer Paper
Xerox 1907,Computer Paper
Xerox 1908,Computer Paper
Xerox 1909,Computer Paper
Xerox 191,Computer Paper
Xerox 1910,Computer Paper
Xerox 1911,Computer Paper
Xerox 1912,Computer Paper
Xerox 1913,Computer Paper
Xerox 1914,Computer Paper
Xerox 1915,Computer Paper
Xerox 1916,Computer Paper
Xerox 1917,Computer Paper
Xerox 1918,Computer Paper
Xerox 1919,Computer Paper
Xerox 192,Copy Paper
Xerox 1920,Copy Paper
Xerox 1921,Copy Paper
Xerox 1922,Copy Paper
Xerox 1923,Copy Paper
Xerox 1924,Copy Paper
Xerox 1925,Copy Paper
Xerox 1926,Copy Paper
Xerox 1927,Copy Paper
Xerox 1928,Copy Paper
Xerox 1929,Copy Paper
Xerox 193,Copy Paper
Xerox 1930,Copy Paper
Xerox 1931,Copy Paper
Xerox 1932,Computer Paper
Xerox 1933,Computer Paper
Xerox 1934,Computer Paper
Xerox 1935,Computer Paper
Xerox 1936,Computer Paper
Xerox 1937,Computer Paper
Xerox 1938,Computer Paper
Xerox 1939,Computer Paper
Xerox 194,Computer Paper
Xerox 1940,Computer Paper
Xerox 1941,Computer Paper
Xerox 1942,Computer Paper
Xerox 1943,Computer Paper
Xerox 1944,Computer Paper
Xerox 1945,Computer Paper
Xerox 1946,Copy Paper
Xerox 1947,Copy Paper
Xerox 1948,Copy Paper
Xerox 1949,Copy Paper
Xerox 195,Copy Paper
Xerox 1950,Copy Paper
Xerox 1951,Copy Paper
Xerox 1952,Copy Paper
Xerox 1953,Copy Paper
Xerox 1954,Copy Paper
Xerox 1955,Copy Paper
Xerox 1956,Copy Paper
Xerox 1957,Copy Paper
Xerox 1958,Copy Paper
Xerox 1959,Copy Paper
Xerox 196,Copy Paper
Xerox 1960,Copy Paper
Xerox 1961,Copy Paper
Xerox 1962,Copy Paper
Xerox 1963,Copy Paper
Xerox 1964,Copy Paper
Xerox 1965,Copy Paper
Xerox 1966,Copy Paper
Xerox 1967,Copy Paper
Xerox 1968,Copy Paper
Xerox 1969,Copy Paper
Xerox 197,Copy Paper
Xerox 1970,Copy Paper
Xerox 1971,Copy Paper
Xerox 1972,Copy Paper
Xerox 1973,Copy Paper
Xerox 1974,Copy Paper
Xerox 1975,Copy Paper
Xerox 1976,Copy Paper
Xerox 1977,Copy Paper
Xerox 1978,Copy Paper
Xerox 1979,Copy Paper
Xerox 198,Copy Paper
Xerox 1980,Copy Paper
Xerox 1981,Copy Paper
Xerox 1982,Copy Paper
Xerox 1983,Copy Paper
Xerox 1984,Copy Paper
Xerox 1985,Copy Paper
Xerox 1986,Copy Paper
Xerox 1987,Copy Paper
Xerox 1988,Copy Paper
Xerox 1989,Copy Paper
Xerox 199,Copy Paper
Xerox 1990,Copy Paper
Xerox 1991,Copy Paper
Xerox 1992,Copy Paper
Xerox 1993,Copy Paper
Xerox 1994,Copy Paper
Xerox 1995,Copy Paper
Xerox 1996,Copy Paper
Xerox 1997,Copy Paper
Xerox 1998,Copy Paper
Xerox 1999,Copy Paper
Xerox 2,Copy Paper
Xerox 20,Copy Paper
Xerox 200,Copy Paper
Xerox 2000,Copy Paper
Xerox 201,Copy Paper
Xerox 202,Copy Paper
Xerox 203,Copy Paper
Xerox 204,Copy Paper
Xerox 205,Copy Paper
Xerox 206,Copy Paper
Xerox 207,Copy Paper
Xerox 208,Copy Paper
Xerox 209,Copy Paper
Xerox 21,Copy Paper
Xerox 210,Copy Paper
Xerox 211,Copy Paper
Xerox 212,Copy Paper
Xerox 213,Copy Paper
Xerox 214,Copy Paper
Xerox 215,Copy Paper
Xerox 216,Copy Paper
Xerox 217,Copy Paper
Xerox 218,Copy Paper
Xerox 219,Copy Paper
Xerox 22,Copy Paper
Xerox 220,Copy Paper
Xerox 221,Copy Paper
Xerox 222,Copy Paper
Xerox 223,Copy Paper
Xerox 224,Copy Paper
Xerox 225,Copy Paper
Xerox 226,Copy Paper
Xerox 227,Copy Paper
Xerox 228,Copy Paper
Xerox 229,Copy Paper
Xerox 23,Copy Paper
Xerox 230,Copy Paper
Xerox 231,Copy Paper
Xerox 232,Copy Paper
Xerox Blank Computer Paper,Computer Paper
Zipper Ring Binder Pockets,Binder Accessories
Zoom V.92 USB External Faxmodem,Modems