(Product Line),(Product Family)
Air Purifiers,Appliances
Art Supplies,Pens & Art Supplies
Binder Accessories,Binders And Binder Accessories
Binder Clips,Rubber Bands
Binding Machines,Binders And Binder Accessories
Binding Supplies,Binders And Binder Accessories
Business Envelopes,Envelopes
Calculators,Office Machines
Cardboard Storage,Storage & Organization
Clocks,Office Furnishings
Colored Envelopes,Envelopes
Computer Paper,Paper
Copiers,Copiers And Fax
Copy Paper,Paper
Desk Lamps,Office Furnishings
Door Accessories,Office Furnishings
End Tables,Tables
File Labels,Labels
Floor Lamps,Office Furnishings
Frames,Office Furnishings
Hanging Binders,Binders And Binder Accessories
Heavy Duty Binders,Binders And Binder Accessories
Highlighters,Pens & Art Supplies
Keyboards,Computer Peripherals
Letter Openers,Scissors  Rulers And Trimmers
Lighting,Office Furnishings
Mats,Office Furnishings
Media,Computer Peripherals
Meeting Room Tables,Tables
Metal Bookcases,Bookcases
Modems,Computer Peripherals
Office Chairs,Chairs & Chairmats
Paper Clips,Rubber Bands
Peel And Seal,Envelopes
Pencil Sharpeners,Pens & Art Supplies
Pencils,Pens & Art Supplies
Pins And Tacks,Rubber Bands
Plastic Desk Sets,Office Furnishings
Plastic Storage,Storage & Organization
Poly Binders,Binders And Binder Accessories
Portable Storage,Storage & Organization
Printers,Office Machines
Recycled Envelopes,Envelopes
Refrigerators,Appliances
Round Ring Binders,Binders And Binder Accessories
Rubber Bands,Rubber Bands
Scissors,Scissors  Rulers And Trimmers
Shelving,Storage & Organization
Shop Tables,Tables
Specialty Envelopes,Envelopes
Standard Labels,Labels
Stationary,Paper
Storage Cabinets,Storage & Organization
Surge Protectors,Appliances
Telephone Accessories,Telephones And Communication
Telephones,Office Machines
Vacuum Cleaners,Appliances
Wireless And Cellular,Telephones And Communication
Wooden Bookcases,Bookcases
Writings Pads,Paper